Company Name,AI Verification,Status
"Geiger","Verified Missing","Not Found"
"Glazer Promos","Verified Missing","Not Found"
"Atlantic Specialty Advg Inc","Verified Missing","Not Found"
"ID America Inc.","Verified Missing","Not Found"
"iPromoteu.com","Verified Missing","Not Found"
"All American Embroidery","Verified Missing","Not Found"
"Bond Branded Gear","Verified Missing","Not Found"
"Bamko Promotional Items","Verified Missing","Not Found"
"Gifts By Design / Bamko Affiliate","Verified Missing","Not Found"
"The True Uniform Supply Co","Verified Missing","Not Found"
"Millennium Marketing Solutions","Verified Missing","Not Found"
"Creative House Branding","Verified Missing","Not Found"
"AZTEC PROMOTIONAL GROUP","Verified Missing","Not Found"
"Intentionally Branded powered by Proforma","Verified Missing","Not Found"
"Promotional Breezes Inc","Verified Missing","Not Found"